NHGISNAM,ICPSRST,ICPSRCTY,GISJOIN,region
Amelia,40,70,G5100070,1
Brunswick,40,250,G5100250,1
Charlotte,40,370,G5100370,1
Chesterfield,40,410,G5100410,1
Cumberland,40,490,G5100490,1
Dinwiddie,40,530,G5100530,1
Halifax,40,830,G5100830,1
Henrico,40,870,G5100870,1
Lunenburg,40,1110,G5101110,1
Mecklenburg,40,1170,G5101170,1
Nottoway,40,1350,G5101350,1
Powhatan,40,1450,G5101450,1
Prince Edward,40,1470,G5101470,1
Surry,40,1810,G5101810,1
Norfolk City,40,7100,G5107100,1
Portsmouth City,40,7400,G5107400,1
Chambers,41,170,G0100170,1
Clay,41,270,G0100270,1
Cleburne,41,290,G0100290,1
Lee,41,810,G0100810,1
Randolph,41,1110,G0101110,1
Tallapoosa,41,1230,G0101230,1
Baldwin,44,90,G1300090,1
Banks,44,110,G1300110,1
Bibb,44,210,G1300210,1
Butts,44,350,G1300350,1
Campbell,44,410,G1300395,1
Carroll,44,450,G1300450,1
Cherokee,44,570,G1300570,1
Clarke,44,590,G1300590,1
Clayton,44,630,G1300630,1
Cobb,44,670,G1300670,1
Columbia,44,730,G1300730,1
Coweta,44,770,G1300770,1
Crawford,44,790,G1300790,1
Dawson,44,850,G1300850,1
DeKalb,44,890,G1300890,1
Douglas,44,970,G1300970,1
Elbert,44,1050,G1301050,1
Fayette,44,1130,G1301130,1
Forsyth,44,1170,G1301170,1
Franklin,44,1190,G1301190,1
Fulton,44,1210,G1301210,1
Glascock,44,1250,G1301250,1
Greene,44,1330,G1301330,1
Gwinnett,44,1350,G1301350,1
Habersham,44,1370,G1301370,1
Hall,44,1390,G1301390,1
Hancock,44,1410,G1301410,1
Haralson,44,1430,G1301430,1
Harris,44,1450,G1301450,1
Hart,44,1470,G1301470,1
Heard,44,1490,G1301490,1
Henry,44,1510,G1301510,1
Jackson,44,1570,G1301570,1
Jasper,44,1590,G1301590,1
Jones,44,1690,G1301690,1
Lincoln,44,1810,G1301810,1
Lumpkin,44,1870,G1301870,1
Mcduffie,44,1890,G1301890,1
Madison,44,1950,G1301950,1
Meriwether,44,1990,G1301990,1
Milton,44,2030,G1302015,1
Monroe,44,2070,G1302070,1
Morgan,44,2110,G1302110,1
Muscogee,44,2150,G1302150,1
Newton,44,2170,G1302170,1
Oconee,44,2190,G1302190,1
Oglethorpe,44,2210,G1302210,1
Paulding,44,2230,G1302230,1
Pike,44,2310,G1302310,1
Polk,44,2330,G1302330,1
Putnam,44,2370,G1302370,1
Rockdale,44,2470,G1302470,1
Spalding,44,2550,G1302550,1
Talbot,44,2630,G1302630,1
Taliaferro,44,2650,G1302650,1
Taylor,44,2690,G1302690,1
Troup,44,2850,G1302850,1
Upson,44,2930,G1302930,1
Walton,44,2970,G1302970,1
Warren,44,3010,G1303010,1
White,44,3110,G1303110,1
Wilkes,44,3170,G1303170,1
Alamance,47,10,G3700010,1
Alexander,47,30,G3700030,1
Anson,47,70,G3700070,1
Burke,47,230,G3700230,1
Cabarrus,47,250,G3700250,1
Caswell,47,330,G3700330,1
Catawba,47,350,G3700350,1
Chatham,47,370,G3700370,1
Cleveland,47,450,G3700450,1
Davidson,47,570,G3700570,1
Davie,47,590,G3700590,1
Durham,47,630,G3700630,1
Forsyth,47,670,G3700670,1
Franklin,47,690,G3700690,1
Gaston,47,710,G3700710,1
Granville,47,770,G3700770,1
Guilford,47,810,G3700810,1
Iredell,47,970,G3700970,1
Lincoln,47,1090,G3701090,1
Mecklenburg,47,1190,G3701190,1
Montgomery,47,1230,G3701230,1
Moore,47,1250,G3701250,1
Orange,47,1350,G3701350,1
Person,47,1450,G3701450,1
Polk,47,1490,G3701490,1
Randolph,47,1510,G3701510,1
Richmond,47,1530,G3701530,1
Rockingham,47,1570,G3701570,1
Rowan,47,1590,G3701590,1
Rutherford,47,1610,G3701610,1
Stanly,47,1670,G3701670,1
Stokes,47,1690,G3701690,1
Surry,47,1710,G3701710,1
Union,47,1790,G3701790,1
Vance,47,1810,G3701810,1
Wake,47,1830,G3701830,1
Warren,47,1850,G3701850,1
Yadkin,47,1970,G3701970,1
Abbeville,48,10,G4500010,1
Aiken,48,30,G4500030,1
Anderson,48,70,G4500070,1
Cherokee,48,210,G4500210,1
Chester,48,230,G4500230,1
Chesterfield,48,250,G4500250,1
Edgefield,48,370,G4500370,1
Fairfield,48,390,G4500390,1
Greenville,48,450,G4500450,1
Greenwood,48,470,G4500470,1
Kershaw,48,550,G4500550,1
Lancaster,48,570,G4500570,1
Laurens,48,590,G4500590,1
Lexington,48,630,G4500630,1
Newberry,48,710,G4500710,1
Oconee,48,730,G4500730,1
Pickens,48,770,G4500770,1
Richland,48,790,G4500790,1
Saluda,48,810,G4500810,1
Spartanburg,48,830,G4500830,1
Union,48,870,G4500870,1
York,48,910,G4500910,1
Greensville,40,810,G5100810,2
Isle Of Wight,40,930,G5100930,2
Nansemond,40,1230,G5101230,2
Norfolk,40,1290,G5101290,2
Princess Anne,40,1510,G5101510,2
Southampton,40,1750,G5101750,2
Sussex,40,1830,G5101830,2
Baldwin,41,30,G0100030,2
Barbour,41,50,G0100050,2
Bullock,41,110,G0100110,2
Butler,41,130,G0100130,2
Choctaw,41,230,G0100230,2
Clarke,41,250,G0100250,2
Coffee,41,310,G0100310,2
Conecuh,41,350,G0100350,2
Covington,41,390,G0100390,2
Crenshaw,41,410,G0100410,2
Dale,41,450,G0100450,2
Dallas,41,470,G0100470,2
Escambia,41,530,G0100530,2
Geneva,41,610,G0100610,2
Hale,41,650,G0100650,2
Henry,41,670,G0100670,2
Lowndes,41,850,G0100850,2
Macon,41,870,G0100870,2
Marengo,41,910,G0100910,2
Mobile,41,970,G0100970,2
Monroe,41,990,G0100990,2
Montgomery,41,1010,G0101010,2
Perry,41,1050,G0101050,2
Pike,41,1090,G0101090,2
Russell,41,1130,G0101130,2
Sumter,41,1190,G0101190,2
Washington,41,1290,G0101290,2
Wilcox,41,1310,G0101310,2
Alachua,43,10,G1200010,2
Baker,43,30,G1200030,2
Bradford,43,70,G1200070,2
Calhoun,43,130,G1200130,2
Clay,43,190,G1200190,2
Columbia,43,230,G1200230,2
Duval,43,310,G1200310,2
Escambia,43,330,G1200330,2
Franklin,43,370,G1200370,2
Gadsden,43,390,G1200390,2
Hamilton,43,470,G1200470,2
Holmes,43,590,G1200590,2
Jackson,43,630,G1200630,2
Jefferson,43,650,G1200650,2
Lafayette,43,670,G1200670,2
Leon,43,730,G1200730,2
Liberty,43,770,G1200770,2
Madison,43,790,G1200790,2
Nassau,43,890,G1200890,2
Putnam,43,1070,G1201070,2
St Johns,43,1090,G1201090,2
Santa Rosa,43,1130,G1201130,2
Suwannee,43,1210,G1201210,2
Taylor,43,1230,G1201230,2
Wakulla,43,1290,G1201290,2
Walton,43,1310,G1201310,2
Washington,43,1330,G1201330,2
Appling,44,10,G1300010,2
Baker,44,70,G1300070,2
Berrien,44,190,G1300190,2
Brooks,44,270,G1300270,2
Bryan,44,290,G1300290,2
Bulloch,44,310,G1300310,2
Burke,44,330,G1300330,2
Calhoun,44,370,G1300370,2
Camden,44,390,G1300390,2
Charlton,44,490,G1300490,2
Chatham,44,510,G1300510,2
Chattahoochee,44,530,G1300530,2
Clay,44,610,G1300610,2
Clinch,44,650,G1300650,2
Coffee,44,690,G1300690,2
Colquitt,44,710,G1300710,2
Decatur,44,870,G1300870,2
Dodge,44,910,G1300910,2
Dooly,44,930,G1300930,2
Dougherty,44,950,G1300950,2
Early,44,990,G1300990,2
Echols,44,1010,G1301010,2
Effingham,44,1030,G1301030,2
Emanuel,44,1070,G1301070,2
Glynn,44,1270,G1301270,2
Houston,44,1530,G1301530,2
Irwin,44,1550,G1301550,2
Jefferson,44,1630,G1301630,2
Johnson,44,1670,G1301670,2
Laurens,44,1750,G1301750,2
Lee,44,1770,G1301770,2
Liberty,44,1790,G1301790,2
Lowndes,44,1850,G1301850,2
Mcintosh,44,1910,G1301910,2
Macon,44,1930,G1301930,2
Marion,44,1970,G1301970,2
Miller,44,2010,G1302010,2
Mitchell,44,2050,G1302050,2
Montgomery,44,2090,G1302090,2
Pierce,44,2290,G1302290,2
Pulaski,44,2350,G1302350,2
Quitman,44,2390,G1302390,2
Randolph,44,2430,G1302430,2
Richmond,44,2450,G1302450,2
Schley,44,2490,G1302490,2
Screven,44,2510,G1302510,2
Stewart,44,2590,G1302590,2
Sumter,44,2610,G1302610,2
Tattnall,44,2670,G1302670,2
Telfair,44,2710,G1302710,2
Terrell,44,2730,G1302730,2
Thomas,44,2750,G1302750,2
Twiggs,44,2890,G1302890,2
Ware,44,2990,G1302990,2
Washington,44,3030,G1303030,2
Wayne,44,3050,G1303050,2
Webster,44,3070,G1303070,2
Wilcox,44,3150,G1303150,2
Wilkinson,44,3190,G1303190,2
Worth,44,3210,G1303210,2
East Baton Rouge,45,330,G2200330,2
East Feliciana,45,370,G2200370,2
Livingston,45,630,G2200630,2
St Helena,45,910,G2200910,2
St Tammany,45,1030,G2201030,2
Tangipahoa,45,1050,G2201050,2
Washington,45,1170,G2201170,2
West Feliciana,45,1250,G2201250,2
Adams,46,10,G2800010,2
Amite,46,50,G2800050,2
Attala,46,70,G2800070,2
Carroll,46,150,G2800150,2
Choctaw,46,190,G2800190,2
Claiborne,46,210,G2800210,2
Clarke,46,230,G2800230,2
Clay,46,250,G2800250,2
Copiah,46,290,G2800290,2
Covington,46,310,G2800310,2
Franklin,46,370,G2800370,2
Greene,46,410,G2800410,2
Hancock,46,450,G2800450,2
Harrison,46,470,G2800470,2
Hinds,46,490,G2800490,2
Holmes,46,510,G2800510,2
Jackson,46,590,G2800590,2
Jasper,46,610,G2800610,2
Jefferson,46,630,G2800630,2
Jones,46,670,G2800670,2
Kemper,46,690,G2800690,2
Lauderdale,46,750,G2800750,2
Lawrence,46,770,G2800770,2
Leake,46,790,G2800790,2
Lincoln,46,850,G2800850,2
Lowndes,46,870,G2800870,2
Madison,46,890,G2800890,2
Marion,46,910,G2800910,2
Montgomery,46,970,G2800970,2
Neshoba,46,990,G2800990,2
Newton,46,1010,G2801010,2
Noxubee,46,1030,G2801030,2
Oktibbeha,46,1050,G2801050,2
Pearl River,46,1090,G2801090,2
Perry,46,1110,G2801110,2
Pike,46,1130,G2801130,2
Rankin,46,1210,G2801210,2
Scott,46,1230,G2801230,2
Simpson,46,1270,G2801270,2
Smith,46,1290,G2801290,2
Wayne,46,1530,G2801530,2
Webster,46,1550,G2801550,2
Wilkinson,46,1570,G2801570,2
Winston,46,1590,G2801590,2
Yazoo,46,1630,G2801630,2
Beaufort,47,130,G3700130,2
Bertie,47,150,G3700150,2
Bladen,47,170,G3700170,2
Brunswick,47,190,G3700190,2
Camden,47,290,G3700290,2
Carteret,47,310,G3700310,2
Chowan,47,410,G3700410,2
Columbus,47,470,G3700470,2
Craven,47,490,G3700490,2
Cumberland,47,510,G3700510,2
Currituck,47,530,G3700530,2
Dare,47,550,G3700550,2
Duplin,47,610,G3700610,2
Edgecombe,47,650,G3700650,2
Gates,47,730,G3700730,2
Greene,47,790,G3700790,2
Halifax,47,830,G3700830,2
Harnett,47,850,G3700850,2
Hertford,47,910,G3700910,2
Hyde,47,950,G3700950,2
Johnston,47,1010,G3701010,2
Jones,47,1030,G3701030,2
Lenoir,47,1070,G3701070,2
Martin,47,1170,G3701170,2
Nash,47,1270,G3701270,2
New Hanover,47,1290,G3701290,2
Northampton,47,1310,G3701310,2
Onslow,47,1330,G3701330,2
Pamlico,47,1370,G3701370,2
Pasquotank,47,1390,G3701390,2
Pender,47,1410,G3701410,2
Perquimans,47,1430,G3701430,2
Pitt,47,1470,G3701470,2
Robeson,47,1550,G3701550,2
Sampson,47,1630,G3701630,2
Scotland,47,1650,G3701650,2
Tyrrell,47,1770,G3701770,2
Washington,47,1870,G3701870,2
Wayne,47,1910,G3701910,2
Wilson,47,1950,G3701950,2
Bamberg,48,90,G4500090,2
Barnwell,48,110,G4500110,2
Beaufort,48,130,G4500130,2
Berkeley,48,150,G4500150,2
Charleston,48,190,G4500190,2
Clarendon,48,270,G4500270,2
Colleton,48,290,G4500290,2
Darlington,48,310,G4500310,2
Dorchester,48,350,G4500350,2
Florence,48,410,G4500410,2
Georgetown,48,430,G4500430,2
Hampton,48,490,G4500490,2
Horry,48,510,G4500510,2
Marion,48,670,G4500670,2
Marlboro,48,690,G4500690,2
Orangeburg,48,750,G4500750,2
Sumter,48,850,G4500850,2
Williamsburg,48,890,G4500890,2
Andrews,49,30,G4800030,3
Archer,49,90,G4800090,3
Armstrong,49,110,G4800110,3
Atascosa,49,130,G4800130,3
Bailey,49,170,G4800170,3
Bandera,49,190,G4800190,3
Baylor,49,230,G4800230,3
Blanco,49,310,G4800310,3
Borden,49,330,G4800330,3
Briscoe,49,450,G4800450,3
Brown,49,490,G4800490,3
Callahan,49,590,G4800590,3
Cameron,49,610,G4800610,3
Carson,49,650,G4800650,3
Castro,49,690,G4800690,3
Childress,49,750,G4800750,3
Clay,49,770,G4800770,3
Cochran,49,790,G4800790,3
Coke,49,810,G4800810,3
Coleman,49,830,G4800830,3
Collingsworth,49,870,G4800870,3
Comal,49,910,G4800910,3
Comanche,49,930,G4800930,3
Concho,49,950,G4800950,3
Cottle,49,1010,G4801010,3
Crane,49,1030,G4801030,3
Crockett,49,1050,G4801050,3
Crosby,49,1070,G4801070,3
Dallam,49,1110,G4801110,3
Dawson,49,1150,G4801150,3
Deaf Smith,49,1170,G4801170,3
Dickens,49,1250,G4801250,3
Dimmit,49,1270,G4801270,3
Donley,49,1290,G4801290,3
Duval,49,1310,G4801310,3
Eastland,49,1330,G4801330,3
Ector,49,1350,G4801350,3
Edwards,49,1370,G4801370,3
Erath,49,1430,G4801430,3
Fisher,49,1510,G4801510,3
Floyd,49,1530,G4801530,3
Foard,49,1550,G4801550,3
Frio,49,1630,G4801630,3
Gaines,49,1650,G4801650,3
Garza,49,1690,G4801690,3
Gillespie,49,1710,G4801710,3
Glasscock,49,1730,G4801730,3
Gray,49,1790,G4801790,3
Hale,49,1890,G4801890,3
Hall,49,1910,G4801910,3
Hansford,49,1950,G4801950,3
Hardeman,49,1970,G4801970,3
Hartley,49,2050,G4802050,3
Haskell,49,2070,G4802070,3
Hays,49,2090,G4802090,3
Hemphill,49,2110,G4802110,3
Hidalgo,49,2150,G4802150,3
Hockley,49,2190,G4802190,3
Howard,49,2270,G4802270,3
Hutchinson,49,2330,G4802330,3
Irion,49,2350,G4802350,3
Jack,49,2370,G4802370,3
Jones,49,2530,G4802530,3
Kendall,49,2590,G4802590,3
Kent,49,2630,G4802630,3
Kerr,49,2650,G4802650,3
Kimble,49,2670,G4802670,3
King,49,2690,G4802690,3
Kinney,49,2710,G4802710,3
Knox,49,2750,G4802750,3
Lamb,49,2790,G4802790,3
La Salle,49,2830,G4802830,3
Lipscomb,49,2950,G4802950,3
Live Oak,49,2970,G4802970,3
Llano,49,2990,G4802990,3
Lubbock,49,3030,G4803030,3
Lynn,49,3050,G4803050,3
Mcculloch,49,3070,G4803070,3
Mcmullen,49,3110,G4803110,3
Martin,49,3170,G4803170,3
Mason,49,3190,G4803190,3
Maverick,49,3230,G4803230,3
Menard,49,3270,G4803270,3
Midland,49,3290,G4803290,3
Mitchell,49,3350,G4803350,3
Montague,49,3370,G4803370,3
Moore,49,3410,G4803410,3
Motley,49,3450,G4803450,3
Nolan,49,3530,G4803530,3
Ochiltree,49,3570,G4803570,3
Oldham,49,3590,G4803590,3
Palo Pinto,49,3630,G4803630,3
Parker,49,3670,G4803670,3
Parmer,49,3690,G4803690,3
Potter,49,3750,G4803750,3
Randall,49,3810,G4803810,3
Roberts,49,3930,G4803930,3
Runnels,49,3990,G4803990,3
San Saba,49,4110,G4804110,3
Schleicher,49,4130,G4804130,3
Scurry,49,4150,G4804150,3
Shackelford,49,4170,G4804170,3
Sherman,49,4210,G4804210,3
Starr,49,4270,G4804270,3
Stephens,49,4290,G4804290,3
Sterling,49,4310,G4804310,3
Stonewall,49,4330,G4804330,3
Sutton,49,4350,G4804350,3
Swisher,49,4370,G4804370,3
Taylor,49,4410,G4804410,3
Terry,49,4450,G4804450,3
Throckmorton,49,4470,G4804470,3
Tom Green,49,4510,G4804510,3
Upton,49,4610,G4804610,3
Uvalde,49,4630,G4804630,3
Val Verde,49,4650,G4804650,3
Webb,49,4790,G4804790,3
Wheeler,49,4830,G4804830,3
Wichita,49,4850,G4804850,3
Wilbarger,49,4870,G4804870,3
Wise,49,4970,G4804970,3
Yoakum,49,5010,G4805010,3
Young,49,5030,G4805030,3
Zapata,49,5050,G4805050,3
Zavala,49,5070,G4805070,3
Union,66,570,G3550535,3
Wichta Indian Reservation,,,G4059075,3
Blaine,,,G4050035,3
Kingfisher,,,G4050255,3
Ponca And Otoe Indian Reservation,,,G4059095,3
Oklahoma,,,G4050335,3
Greer,,,G4050215,3
Kay,,,G4050235,3
Woodward,,,G4050475,3
Woods,,,G4050455,3
Custer,,,G4050095,3
Canadian,,,G4050055,3
Logan,,,G4050295,3
"Kiowa, Comanche, And Apache Indian Reservations",,,G4059035,3
Beaver,,,G4050015,3
Garfield,,,G4050175,3
Washita,,,G4050435,3
Grant,,,G4050195,3
Noble,,,G4050315,3
Day,,,G4050115,3
Payne,,,G4050375,3
Dewey,,,G4050155,3
Roger Mills,,,G4050415,3
Dunklin,34,690,G2900690,4
Mississippi,34,1330,G2901330,4
New Madrid,34,1430,G2901430,4
Pemiscot,34,1550,G2901550,4
Arkansas,42,10,G0500010,4
Chicot,42,170,G0500170,4
Desha,42,410,G0500410,4
Jefferson,42,690,G0500690,4
Lincoln,42,790,G0500790,4
Miller,42,910,G0500910,4
Mississippi,42,930,G0500930,4
Monroe,42,950,G0500950,4
Phillips,42,1070,G0501070,4
Ascension,45,50,G2200050,4
Assumption,45,70,G2200070,4
Avoyelles,45,90,G2200090,4
Bossier,45,150,G2200150,4
Caddo,45,170,G2200170,4
Catahoula,45,250,G2200250,4
Concordia,45,290,G2200290,4
East Carroll,45,350,G2200350,4
Franklin,45,410,G2200410,4
Iberville,45,470,G2200470,4
Jefferson,45,510,G2200510,4
Lafourche,45,570,G2200570,4
Madison,45,650,G2200650,4
Morehouse,45,670,G2200670,4
Natchitoches,45,690,G2200690,4
Orleans,45,710,G2200710,4
Ouachita,45,730,G2200730,4
Plaquemines,45,750,G2200750,4
Pointe Coupee,45,770,G2200770,4
Rapides,45,790,G2200790,4
Red River,45,810,G2200810,4
Richland,45,830,G2200830,4
St Bernard,45,870,G2200870,4
St Charles,45,890,G2200890,4
St James,45,930,G2200930,4
St John The Baptist,45,950,G2200950,4
St Landry,45,970,G2200970,4
St Martin,45,990,G2200990,4
St Mary,45,1010,G2201010,4
Tensas,45,1070,G2201070,4
Terrebonne,45,1090,G2201090,4
West Baton Rouge,45,1210,G2201210,4
West Carroll,45,1230,G2201230,4
Bolivar,46,110,G2800110,4
Coahoma,46,270,G2800270,4
Issaquena,46,550,G2800550,4
Leflore,46,830,G2800830,4
Quitman,46,1190,G2801190,4
Sharkey,46,1250,G2801250,4
Sunflower,46,1330,G2801330,4
Tallahatchie,46,1350,G2801350,4
Tunica,46,1430,G2801430,4
Warren,46,1490,G2801490,4
Washington,46,1510,G2801510,4
Autauga,41,10,G0100010,5
Bibb,41,70,G0100070,5
Blount,41,90,G0100090,5
Calhoun,41,150,G0100150,5
Cherokee,41,190,G0100190,5
Chilton,41,210,G0100210,5
Colbert (new),41,330,G0100330,5
Coosa,41,370,G0100370,5
Cullman,41,430,G0100430,5
Dekalb,41,490,G0100490,5
Elmore,41,510,G0100510,5
Etowah,41,550,G0100550,5
Fayette,41,570,G0100570,5
Franklin,41,590,G0100590,5
Greene,41,630,G0100630,5
Jackson,41,710,G0100710,5
Jefferson,41,730,G0100730,5
Lamar,41,750,G0100750,5
Lauderdale,41,770,G0100770,5
Lawrence,41,790,G0100790,5
Limestone,41,830,G0100830,5
Madison,41,890,G0100890,5
Marion,41,930,G0100930,5
Marshall,41,950,G0100950,5
Morgan,41,1030,G0101030,5
Pickens,41,1070,G0101070,5
St Clair,41,1150,G0101150,5
Shelby,41,1170,G0101170,5
Talladega,41,1210,G0101210,5
Tuscaloosa,41,1250,G0101250,5
Walker,41,1270,G0101270,5
Winston,41,1330,G0101330,5
Bartow,44,150,G1300150,5
Catoosa,44,470,G1300470,5
Chattooga,44,550,G1300550,5
Dade,44,830,G1300830,5
Fannin,44,1110,G1301110,5
Floyd,44,1150,G1301150,5
Gilmer,44,1230,G1301230,5
Gordon,44,1290,G1301290,5
Murray,44,2130,G1302130,5
Pickens,44,2270,G1302270,5
Rabun,44,2410,G1302410,5
Towns,44,2810,G1302810,5
Union,44,2910,G1302910,5
Walker,44,2950,G1302950,5
Whitfield,44,3130,G1303130,5
Alcorn,46,30,G2800030,5
Benton,46,90,G2800090,5
Calhoun,46,130,G2800130,5
Chickasaw,46,170,G2800170,5
De Soto,46,330,G2800330,5
Grenada,46,430,G2800430,5
Itawamba,46,570,G2800570,5
Lafayette,46,710,G2800710,5
Lee,46,810,G2800810,5
Marshall,46,930,G2800930,5
Monroe,46,950,G2800950,5
Panola,46,1070,G2801070,5
Pontotoc,46,1150,G2801150,5
Prentiss,46,1170,G2801170,5
Tate,46,1370,G2801370,5
Tippah,46,1390,G2801390,5
Tishomingo,46,1410,G2801410,5
Union,46,1450,G2801450,5
Yalobusha,46,1610,G2801610,5
Alleghany,47,50,G3700050,5
Ashe,47,90,G3700090,5
Buncombe,47,210,G3700210,5
Caldwell,47,270,G3700270,5
Cherokee,47,390,G3700390,5
Clay,47,430,G3700430,5
Graham,47,750,G3700750,5
Haywood,47,870,G3700870,5
Henderson,47,890,G3700890,5
Jackson,47,990,G3700990,5
Mcdowell,47,1110,G3701110,5
Macon,47,1130,G3701130,5
Madison,47,1150,G3701150,5
Mitchell,47,1210,G3701210,5
Swain,47,1730,G3701730,5
Transylvania,47,1750,G3701750,5
Watauga,47,1890,G3701890,5
Wilkes,47,1930,G3701930,5
Yancey,47,1990,G3701990,5
Anderson,54,10,G4700010,5
Bedford,54,30,G4700030,5
Benton,54,50,G4700050,5
Bledsoe,54,70,G4700070,5
Blount,54,90,G4700090,5
Bradley,54,110,G4700110,5
Campbell,54,130,G4700130,5
Cannon,54,150,G4700150,5
Carroll,54,170,G4700170,5
Carter,54,190,G4700190,5
Cheatham,54,210,G4700210,5
Chester,54,230,G4700230,5
Claiborne,54,250,G4700250,5
Clay,54,270,G4700270,5
Cocke,54,290,G4700290,5
Coffee,54,310,G4700310,5
Crockett,54,330,G4700330,5
Cumberland,54,350,G4700350,5
Davidson,54,370,G4700370,5
Decatur,54,390,G4700390,5
De Kalb,54,410,G4700410,5
Dickson,54,430,G4700430,5
Dyer,54,450,G4700450,5
Fayette,54,470,G4700470,5
Fentress,54,490,G4700490,5
Franklin,54,510,G4700510,5
Gibson,54,530,G4700530,5
Giles,54,550,G4700550,5
Grainger,54,570,G4700570,5
Greene,54,590,G4700590,5
Grundy,54,610,G4700610,5
Hamblen,54,630,G4700630,5
Hamilton,54,650,G4700650,5
Hancock,54,670,G4700670,5
Hardeman,54,690,G4700690,5
Hardin,54,710,G4700710,5
Hawkins,54,730,G4700730,5
Haywood,54,750,G4700750,5
Henderson,54,770,G4700770,5
Henry,54,790,G4700790,5
Hickman,54,810,G4700810,5
Houston,54,830,G4700830,5
Humphreys,54,850,G4700850,5
Jackson,54,870,G4700870,5
James,54,875,G4700875,5
Jefferson,54,890,G4700890,5
Johnson,54,910,G4700910,5
Knox,54,930,G4700930,5
Lake,54,950,G4700950,5
Lauderdale,54,970,G4700970,5
Lawrence,54,990,G4700990,5
Lewis,54,1010,G4701010,5
Lincoln,54,1030,G4701030,5
Loudon,54,1050,G4701050,5
McMinn,54,1070,G4701070,5
McNairy,54,1090,G4701090,5
Macon,54,1110,G4701110,5
Madison,54,1130,G4701130,5
Marion,54,1150,G4701150,5
Marshall,54,1170,G4701170,5
Maury,54,1190,G4701190,5
Meigs,54,1210,G4701210,5
Monroe,54,1230,G4701230,5
Montgomery,54,1250,G4701250,5
Moore,54,1270,G4701270,5
Morgan,54,1290,G4701290,5
Obion,54,1310,G4701310,5
Overton,54,1330,G4701330,5
Perry,54,1350,G4701350,5
Pickett,54,1370,G4701370,5
Polk,54,1390,G4701390,5
Putnam,54,1410,G4701410,5
Rhea,54,1430,G4701430,5
Roane,54,1450,G4701450,5
Robertson,54,1470,G4701470,5
Rutherford,54,1490,G4701490,5
Scott,54,1510,G4701510,5
Sequatchie,54,1530,G4701530,5
Sevier,54,1550,G4701550,5
Shelby,54,1570,G4701570,5
Smith,54,1590,G4701590,5
Stewart,54,1610,G4701610,5
Sullivan,54,1630,G4701630,5
Sumner,54,1650,G4701650,5
Tipton,54,1670,G4701670,5
Trousdale,54,1690,G4701690,5
Unicoi,54,1710,G4701710,5
Union,54,1730,G4701730,5
Van Buren,54,1750,G4701750,5
Warren,54,1770,G4701770,5
Washington,54,1790,G4701790,5
Wayne,54,1810,G4701810,5
Weakley,54,1830,G4701830,5
White,54,1850,G4701850,5
Williamson,54,1870,G4701870,5
Wilson,54,1890,G4701890,5
Bollinger,34,170,G2900170,6
Butler,34,230,G2900230,6
Cape Girardeau,34,310,G2900310,6
Howell,34,910,G2900910,6
Oregon,34,1490,G2901490,6
Ozark,34,1530,G2901530,6
Perry,34,1570,G2901570,6
Ripley,34,1810,G2901810,6
Scott,34,2010,G2902010,6
Stoddard,34,2070,G2902070,6
Taney,34,2130,G2902130,6
Ashley,42,30,G0500030,6
Baxter,42,50,G0500050,6
Benton,42,70,G0500070,6
Boone,42,90,G0500090,6
Bradley,42,110,G0500110,6
Calhoun,42,130,G0500130,6
Carroll,42,150,G0500150,6
Clark,42,190,G0500190,6
Clay,42,210,G0500210,6
Cleburne,42,230,G0500230,6
Cleveland,42,250,G0500250,6
Columbia,42,270,G0500270,6
Conway,42,290,G0500290,6
Craighead,42,310,G0500310,6
Crawford,42,330,G0500330,6
Crittenden,42,350,G0500350,6
Cross,42,370,G0500370,6
Dallas,42,390,G0500390,6
Drew,42,430,G0500430,6
Faulkner,42,450,G0500450,6
Franklin,42,470,G0500470,6
Fulton,42,490,G0500490,6
Garland,42,510,G0500510,6
Grant,42,530,G0500530,6
Greene,42,550,G0500550,6
Hempstead,42,570,G0500570,6
Hot Spring,42,590,G0500590,6
Howard,42,610,G0500610,6
Independence,42,630,G0500630,6
Izard,42,650,G0500650,6
Jackson,42,670,G0500670,6
Johnson,42,710,G0500710,6
Lafayette,42,730,G0500730,6
Lawrence,42,750,G0500750,6
Lee,42,770,G0500770,6
Little River,42,810,G0500810,6
Logan,42,830,G0500830,6
Lonoke,42,850,G0500850,6
Madison,42,870,G0500870,6
Marion,42,890,G0500890,6
Montgomery,42,970,G0500970,6
Nevada,42,990,G0500990,6
Newton,42,1010,G0501010,6
Ouachita,42,1030,G0501030,6
Perry,42,1050,G0501050,6
Pike,42,1090,G0501090,6
Poinsett,42,1110,G0501110,6
Polk,42,1130,G0501130,6
Pope,42,1150,G0501150,6
Prairie,42,1170,G0501170,6
Pulaski,42,1190,G0501190,6
Randolph,42,1210,G0501210,6
St Francis,42,1230,G0501230,6
Saline,42,1250,G0501250,6
Scott,42,1270,G0501270,6
Searcy,42,1290,G0501290,6
Sebastian,42,1310,G0501310,6
Sevier,42,1330,G0501330,6
Sharp,42,1350,G0501350,6
Stone,42,1370,G0501370,6
Union,42,1390,G0501390,6
Van Buren,42,1410,G0501410,6
Washington,42,1430,G0501430,6
White,42,1450,G0501450,6
Woodruff,42,1470,G0501470,6
Yell,42,1490,G0501490,6
Bienville,45,130,G2200130,6
Caldwell,45,210,G2200210,6
Claiborne,45,270,G2200270,6
De Soto,45,310,G2200310,6
Grant,45,430,G2200430,6
Jackson,45,490,G2200490,6
Lincoln,45,610,G2200610,6
Sabine,45,850,G2200850,6
Union,45,1110,G2201110,6
Vernon,45,1150,G2201150,6
Webster,45,1190,G2201190,6
Winn,45,1270,G2201270,6
Anderson,49,10,G4800010,6
Angelina,49,50,G4800050,6
Austin,49,150,G4800150,6
Bastrop,49,210,G4800210,6
Bowie,49,370,G4800370,6
Brazos,49,410,G4800410,6
Burleson,49,510,G4800510,6
Camp,49,630,G4800630,6
Cass,49,670,G4800670,6
Cherokee,49,730,G4800730,6
Colorado,49,890,G4800890,6
Franklin,49,1590,G4801590,6
Freestone,49,1610,G4801610,6
Gregg,49,1830,G4801830,6
Grimes,49,1850,G4801850,6
Hardin,49,1990,G4801990,6
Harrison,49,2030,G4802030,6
Henderson,49,2130,G4802130,6
Hopkins,49,2230,G4802230,6
Houston,49,2250,G4802250,6
Jasper,49,2410,G4802410,6
Lavaca,49,2850,G4802850,6
Lee,49,2870,G4802870,6
Leon,49,2890,G4802890,6
Liberty,49,2910,G4802910,6
Madison,49,3130,G4803130,6
Marion,49,3150,G4803150,6
Montgomery,49,3390,G4803390,6
Morris,49,3430,G4803430,6
Nacogdoches,49,3470,G4803470,6
Newton,49,3510,G4803510,6
Panola,49,3650,G4803650,6
Polk,49,3730,G4803730,6
Rains,49,3790,G4803790,6
Red River,49,3870,G4803870,6
Robertson,49,3950,G4803950,6
Rusk,49,4010,G4804010,6
Sabine,49,4030,G4804030,6
San Augustine,49,4050,G4804050,6
San Jacinto,49,4070,G4804070,6
Shelby,49,4190,G4804190,6
Smith,49,4230,G4804230,6
Titus,49,4490,G4804490,6
Trinity,49,4550,G4804550,6
Tyler,49,4570,G4804570,6
Upshur,49,4590,G4804590,6
Van Zandt,49,4670,G4804670,6
Walker,49,4710,G4804710,6
Waller,49,4730,G4804730,6
Wood,49,4990,G4804990,6
Lincoln,,,G4050275,6
Creek Nation,,,G1789075,6
Seminole Nation,,,G1789095,6
Cherokee Nation,,,G1789015,6
Choctaw Nation,,,G1789055,6
Cleveland,,,G4050075,6
Pottowatomie,,,G4050395,6
Pawnee,,,G4050355,6
Chickasaw Nation,,,G1789035,6
Osage Indian Reservation,,,G4059055,6
Acadia,45,10,G2200010,7
Calcasieu,45,190,G2200190,7
Cameron,45,230,G2200230,7
Iberia,45,450,G2200450,7
Lafayette,45,550,G2200550,7
Vermillion,45,1130,G2201130,7
Aransas,49,70,G4800070,7
Bee,49,250,G4800250,7
Bell,49,270,G4800270,7
Bexar,49,290,G4800290,7
Bosque,49,350,G4800350,7
Brazoria,49,390,G4800390,7
Burnet,49,530,G4800530,7
Caldwell,49,550,G4800550,7
Calhoun,49,570,G4800570,7
Chambers,49,710,G4800710,7
Collin,49,850,G4800850,7
Cooke,49,970,G4800970,7
Coryell,49,990,G4800990,7
Dallas,49,1130,G4801130,7
Delta,49,1190,G4801190,7
Denton,49,1210,G4801210,7
De Witt,49,1230,G4801230,7
Ellis,49,1390,G4801390,7
Falls,49,1450,G4801450,7
Fannin,49,1470,G4801470,7
Fayette,49,1490,G4801490,7
Fort Bend,49,1570,G4801570,7
Galveston,49,1670,G4801670,7
Goliad,49,1750,G4801750,7
Gonzales,49,1770,G4801770,7
Grayson,49,1810,G4801810,7
Guadalupe,49,1870,G4801870,7
Hamilton,49,1930,G4801930,7
Harris,49,2010,G4802010,7
Hill,49,2170,G4802170,7
Hood,49,2210,G4802210,7
Hunt,49,2310,G4802310,7
Jackson,49,2390,G4802390,7
Jefferson,49,2450,G4802450,7
Johnson,49,2510,G4802510,7
Karnes,49,2550,G4802550,7
Kaufman,49,2570,G4802570,7
Lamar,49,2770,G4802770,7
Lampasas,49,2810,G4802810,7
Limestone,49,2930,G4802930,7
Mclennan,49,3090,G4803090,7
Matagorda,49,3210,G4803210,7
Medina,49,3250,G4803250,7
Milam,49,3310,G4803310,7
Mills,49,3330,G4803330,7
Navarro,49,3490,G4803490,7
Nueces,49,3550,G4803550,7
Orange,49,3610,G4803610,7
Refugio,49,3910,G4803910,7
Rockwall,49,3970,G4803970,7
San Patricio,49,4090,G4804090,7
Somervell,49,4250,G4804250,7
Tarrant,49,4390,G4804390,7
Travis,49,4530,G4804530,7
Victoria,49,4690,G4804690,7
Washington,49,4770,G4804770,7
Wharton,49,4810,G4804810,7
Williamson,49,4910,G4804910,7
Wilson,49,4930,G4804930,7
